,City,Latitude,Longitude,Temperature,Humidity,Cloudiness,Wind Speed,Country,Date
0,new norfolk,-42.78,147.06,65.77,77,75,3.36,AU,1569036937
1,vaini,15.34,74.49,73.4,88,40,11.41,IN,1569036940
2,punta arenas,-53.16,-70.91,33.37,74,20,24.16,CL,1569036719
3,marsh harbour,26.54,-77.06,79.9,79,100,28.32,BS,1569036942
4,laguna,16.17,-88.94,77.0,100,0,2.8,BZ,1569036944
5,kodiak,39.95,-94.76,72.7,83,90,11.41,US,1569036946
6,okhotsk,59.36,143.24,50.56,67,100,3.6,RU,1569036947
7,rikitea,-23.12,-134.97,74.32,89,83,14.76,PF,1569036949
8,brae,60.4,-1.35,49.75,93,0,2.24,GB,1569036950
9,tual,-5.67,132.75,77.38,85,9,14.23,ID,1569036951
10,havre-saint-pierre,50.23,-63.6,46.4,81,20,7.4,CA,1569036957
11,tiksi,71.64,128.87,38.68,88,93,6.91,RU,1569036958
12,yellowknife,62.45,-114.38,46.18,87,75,8.05,CA,1569036959
13,hellvik,59.92,5.78,45.77,93,20,3.36,NO,1569036961
14,demmin,53.91,13.03,56.44,82,75,8.05,DE,1569036962
15,paamiut,61.99,-49.67,40.12,90,100,32.61,GL,1569036859
16,faanui,-16.48,-151.75,78.82,78,100,12.03,PF,1569036740
17,chokurdakh,70.62,147.9,35.98,55,0,6.71,RU,1569036727
18,coquimbo,-29.95,-71.34,51.8,81,0,3.36,CL,1569036966
19,seminole,32.72,-102.64,72.9,78,1,6.93,US,1569036967
20,leshukonskoye,64.9,45.76,35.98,95,100,7.96,RU,1569036973
21,nouadhibou,20.93,-17.03,69.8,83,0,3.36,MR,1569036974
22,sao raimundo das mangabeiras,-7.02,-45.48,87.46,31,95,4.05,BR,1569036976
23,ribeira grande,38.52,-28.7,68.74,69,53,22.48,PT,1569036977
24,saskylakh,71.97,114.09,38.14,65,46,26.11,RU,1569036978
25,san ramon,12.92,-85.84,66.76,97,98,2.57,NI,1569036979
26,jamestown,-33.21,138.6,56.68,49,12,17.4,AU,1569036980
27,makakilo city,21.35,-158.09,82.02,55,40,10.29,US,1569036981
28,bosaso,11.28,49.18,85.3,80,0,11.77,SO,1569036983
29,aklavik,68.22,-135.01,48.2,70,75,11.41,CA,1569036984
30,los llanos de aridane,28.66,-17.92,69.8,77,0,5.82,ES,1569036990
31,inhambane,-23.87,35.38,62.08,96,0,4.21,MZ,1569036991
32,ponta do sol,-20.63,-46.0,73.06,29,36,2.51,BR,1569036992
33,vostok,46.45,135.83,43.72,97,100,1.32,RU,1569036993
34,broome,52.47,1.45,55.63,93,0,8.05,GB,1569036994
35,dikson,73.51,80.55,37.06,86,100,22.3,RU,1569036996
36,laibin,23.74,109.23,77.38,61,0,14.27,CN,1569036998
37,cape town,-33.93,18.42,56.88,82,20,8.05,ZA,1569036999
38,qaanaaq,77.48,-69.36,19.78,40,0,6.33,GL,1569037000
39,sept-iles,50.2,-66.38,59.0,44,5,6.93,CA,1569037001
40,lompoc,34.64,-120.46,64.42,72,1,5.82,US,1569036729
41,rapid valley,44.06,-103.15,57.69,100,90,11.41,US,1569037008
42,hithadhoo,-0.6,73.08,82.06,73,46,10.4,MV,1569037010
43,half moon bay,37.46,-122.43,66.15,93,20,5.08,US,1569037011
44,bredasdorp,-34.53,20.04,48.2,87,9,6.93,ZA,1569037012
45,batemans bay,-35.71,150.18,62.01,86,100,8.01,AU,1569037013
46,emerald,-23.53,148.16,80.73,23,0,12.75,AU,1569037014
47,albany,42.65,-73.75,54.1,87,20,3.76,US,1569037015
48,zhigansk,66.77,123.37,41.92,55,0,16.4,RU,1569037017
49,avera,33.19,-82.53,68.7,78,90,4.7,US,1569037024
50,castro,-42.48,-73.76,44.6,93,90,4.7,CL,1569037030
51,dunedin,-45.87,170.5,55.0,68,0,5.01,NZ,1569037031
52,mount gambier,-37.83,140.78,53.6,71,90,16.11,AU,1569037033
53,koundara,12.49,-13.3,73.06,98,100,3.11,GN,1569037035
54,kalmunai,7.42,81.82,84.58,67,100,0.49,LK,1569037036
55,lebu,8.96,38.73,59.0,93,75,1.79,ET,1569036757
56,mahebourg,-20.41,57.7,69.33,73,20,9.17,MU,1569037038
57,kaitangata,-46.28,169.85,53.01,70,0,8.99,NZ,1569037039
58,nokha,27.56,73.47,87.28,46,0,6.58,IN,1569036837
59,kondapalle,16.59,80.52,86.0,79,75,5.82,IN,1569037041
60,kavieng,-2.57,150.8,84.22,70,32,7.81,PG,1569037048
61,ayan,38.23,44.7,75.2,27,0,9.17,IR,1569037049
62,whitianga,-36.83,175.7,59.02,54,4,4.32,NZ,1569036764
63,klaksvik,62.23,-6.59,53.6,87,0,13.87,FO,1569037023
64,champerico,16.38,-93.6,78.8,74,40,13.87,MX,1569037053
65,atuona,-9.8,-139.03,80.62,75,11,16.78,PF,1569037054
66,beloha,-25.17,45.06,63.88,85,5,14.43,MG,1569037055
67,katherine,-14.47,132.26,89.6,33,40,6.93,AU,1569037057
68,kahului,20.89,-156.47,80.58,62,20,21.92,US,1569037058
69,lagoa,37.14,-8.45,68.59,88,75,5.82,PT,1569036824
70,egvekinot,66.32,-179.17,31.84,65,99,5.23,RU,1569036873
71,severomuysk,56.17,113.57,37.42,99,99,5.44,RU,1569037066
72,barrow,-38.31,-60.23,50.02,33,0,15.37,AR,1569037067
73,toamasina,-18.17,49.38,66.2,93,75,4.7,MG,1569037068
74,balaka,-14.99,34.96,57.4,56,0,4.61,MW,1569037069
75,juan lacaze,-34.43,-57.44,48.99,56,0,3.0,UY,1569037070
76,hobart,-42.88,147.33,65.57,77,75,3.36,AU,1569036823
77,hamilton,43.26,-79.87,65.07,68,75,3.36,CA,1569036964
78,ushuaia,-54.81,-68.31,32.0,93,90,32.21,AR,1569037074
79,cayenne,4.94,-52.33,78.8,88,75,2.24,GF,1569037075
80,kapaa,22.08,-159.32,81.41,78,75,14.99,US,1569037036
81,butaritari,3.07,172.79,84.58,66,53,13.42,KI,1569037082
82,narsaq,60.91,-46.05,39.2,69,75,3.36,GL,1569037083
83,annan,27.51,119.05,69.64,59,25,6.53,CN,1569037084
84,paita,-5.09,-81.11,61.54,93,100,14.76,PE,1569037085
85,sitka,37.17,-99.65,73.99,77,2,13.0,US,1569037087
86,ekhabi,53.51,142.97,56.14,63,20,9.42,RU,1569037088
87,kirensk,57.78,108.12,57.76,71,100,12.03,RU,1569037089
88,vila franca do campo,37.72,-25.43,69.53,68,40,14.99,PT,1569037090
89,campbellton,48.0,-66.68,54.16,97,2,4.47,CA,1569037091
90,davidson,51.26,-105.98,62.01,62,0,3.0,CA,1569037097
91,avarua,-21.21,-159.78,75.2,57,76,9.17,CK,1569037099
92,idrinskoye,54.37,92.14,55.06,69,100,2.8,RU,1569037100
93,madison,43.07,-89.38,70.81,88,75,4.7,US,1569036836
94,khatanga,71.98,102.47,40.66,87,100,19.46,RU,1569037102
95,faya,18.39,42.45,62.65,31,0,2.28,SA,1569037103
96,tucuman,-17.17,-70.89,48.94,62,2,1.97,PE,1569037104
97,abu zabad,12.35,29.25,72.52,84,100,15.05,SD,1569037105
98,kiunga,-6.12,141.3,78.46,92,92,2.73,PG,1569037107
99,fortuna,40.6,-124.16,60.31,87,40,9.17,US,1569037108
100,talnakh,69.49,88.39,44.6,93,75,11.18,RU,1569037114
101,iskateley,67.68,53.15,30.58,90,0,6.62,RU,1569037117
102,ostersund,63.18,14.64,50.0,87,100,23.04,SE,1569037118
103,tautira,-17.73,-149.15,80.28,69,75,4.7,PF,1569037119
104,tasiilaq,65.61,-37.64,37.4,69,41,1.12,GL,1569037121
105,chuy,-33.69,-53.46,48.4,70,0,8.77,UY,1569037122
106,codrington,-28.95,153.24,76.53,61,40,13.87,AU,1569037123
107,illapel,-31.63,-71.17,45.34,87,0,4.0,CL,1569036960
108,port hedland,-20.31,118.58,80.6,8,0,19.46,AU,1569036834
109,silver city,32.77,-108.28,64.8,55,1,5.82,US,1569037126
110,bakaly,55.18,53.8,41.38,90,38,8.12,RU,1569037132
111,nikolskoye,59.7,30.79,37.63,86,40,4.47,RU,1569037133
112,hermanus,-34.42,19.24,55.99,89,72,5.01,ZA,1569037134
113,kloulklubed,7.04,134.26,84.2,79,75,8.05,PW,1569037136
114,port elizabeth,39.31,-74.98,59.49,77,1,4.7,US,1569037137
115,port lincoln,-34.72,135.86,52.18,65,35,20.4,AU,1569037138
116,kieta,-6.22,155.63,82.24,78,91,11.52,PG,1569037140
117,saint-philippe,45.36,-73.48,63.32,72,1,4.7,CA,1569037141
118,provideniya,64.42,-173.23,35.44,62,7,6.2,RU,1569037142
119,turayf,31.68,38.65,73.4,46,0,5.82,SA,1569037144
120,haimen,31.87,121.18,77.18,68,86,3.0,CN,1569037150
121,gotsu,35.01,132.22,64.4,93,75,2.24,JP,1569037151
122,longyearbyen,78.22,15.63,32.0,76,40,8.05,NO,1569037050
123,acandi,8.51,-77.28,70.72,97,100,2.01,CO,1569037153
124,saint-joseph,43.56,6.97,61.32,82,0,3.36,FR,1569037154
125,ixtapa,20.71,-105.21,83.08,79,40,13.35,MX,1569037155
126,hasaki,35.73,140.83,73.8,69,75,9.17,JP,1569037156
127,bubaque,11.28,-15.83,82.24,77,100,7.76,GW,1569037158
128,puerto ayora,-0.74,-90.35,66.99,85,0,5.99,EC,1569037159
129,flinders,-34.58,150.85,72.36,68,75,11.41,AU,1569037160
130,pevek,69.7,170.27,33.64,79,100,18.3,RU,1569037167
131,sysert,56.5,60.81,41.0,100,0,2.24,RU,1569037168
132,esna,45.2,27.57,42.8,60,5,2.24,RO,1569037170
133,waipawa,-39.94,176.59,60.01,57,9,4.0,NZ,1569037173
134,east london,-33.02,27.91,62.6,72,0,5.82,ZA,1569036968
135,thompson,55.74,-97.86,59.0,100,90,5.82,CA,1569037175
136,westport,41.14,-73.36,58.41,72,1,2.64,US,1569037176
137,lichinga,-13.3,35.25,66.58,61,0,4.25,MZ,1569037177
138,labuan,5.28,115.24,87.01,74,90,4.27,BN,1569037029
139,mikkeli,61.69,27.27,33.8,100,0,2.35,FI,1569037180
140,sovetskiy,56.76,48.47,40.84,95,100,5.99,RU,1569037187
141,labuhan,-2.54,115.51,89.98,54,1,3.0,ID,1569037189
142,clyde river,70.47,-68.59,35.6,100,90,18.34,CA,1569037190
143,north bend,43.41,-124.22,60.91,88,1,10.29,US,1569037191
144,churapcha,62.0,132.43,40.48,66,100,3.94,RU,1569037192
145,nautla,20.22,-96.78,81.7,80,9,7.05,MX,1569037193
146,arraial do cabo,-22.97,-42.02,73.4,88,40,1.12,BR,1569037194
147,beaverlodge,55.21,-119.43,51.8,62,75,10.29,CA,1569037196
148,geraldton,49.72,-86.95,59.0,87,75,4.7,CA,1569037197
149,sylvan lake,52.31,-114.09,46.4,87,20,5.82,CA,1569037198
150,chenzhou,25.81,113.03,77.74,45,0,9.17,CN,1569037204
151,cuamba,-14.8,36.54,59.56,93,0,1.99,MZ,1569037206
152,sao filipe,14.9,-24.5,79.54,84,98,13.02,CV,1569037207
153,portland,43.66,-70.25,59.83,68,1,3.36,US,1569037119
154,berlevag,70.86,29.09,39.94,82,100,14.14,NO,1569037210
155,yelkhovka,53.87,50.29,44.6,93,40,2.24,RU,1569037211
156,presidencia roque saenz pena,-26.79,-60.44,54.88,61,35,7.85,AR,1569037041
157,petropavlovsk-kamchatskiy,53.05,158.65,57.2,58,40,11.18,RU,1569037213
158,sambava,-14.27,50.17,61.9,84,0,4.14,MG,1569037216
159,kaseda,31.42,130.32,82.18,74,75,14.99,JP,1569037217
160,goure,13.98,10.27,84.0,28,0,2.17,NE,1569037223
161,hobyo,5.35,48.53,77.2,72,49,19.24,SO,1569037225
162,hilo,19.71,-155.08,70.79,65,1,4.7,US,1569037226
163,saldanha,41.42,-6.55,61.36,75,78,3.65,PT,1569037228
164,san policarpo,12.18,125.51,84.76,69,100,8.86,PH,1569037230
165,chapais,49.78,-74.86,44.6,93,1,3.36,CA,1569037231
166,amposta,40.71,0.58,66.81,73,0,10.29,ES,1569037233
167,rosarito,4.91,-75.23,68.0,100,75,4.7,CO,1569037234
168,esperance,-33.86,121.89,55.4,82,40,10.29,AU,1569037235
169,alpena,45.06,-83.43,63.57,88,75,4.7,US,1569037066
170,totoral,-13.66,-73.35,50.02,92,100,3.29,PE,1569037242
171,kedrovyy,56.17,91.82,55.4,50,0,11.18,RU,1569037243
172,torbay,47.66,-52.73,52.9,100,90,4.7,CA,1569037244
173,pundaguitan,6.37,126.17,81.7,78,52,12.19,PH,1569037245
174,lasa,34.92,32.53,66.2,72,0,5.82,CY,1569037247
175,flin flon,54.77,-101.88,53.98,90,0,3.76,CA,1569037248
176,bethel,60.79,-161.76,48.2,60,1,14.99,US,1569037250
177,rock sound,24.9,-76.2,82.42,77,97,25.37,BS,1569037251
178,vilhena,-12.74,-60.15,79.54,49,7,2.06,BR,1569037252
179,georgetown,6.8,-58.16,75.2,100,40,4.7,GY,1569037192
180,tuktoyaktuk,69.44,-133.03,42.8,87,75,12.75,CA,1569037259
181,lorengau,-2.02,147.27,82.06,75,96,0.31,PG,1569037262
182,safford,32.83,-109.71,75.65,21,1,10.29,US,1569037263
183,bairnsdale,-37.83,147.63,73.98,45,100,8.99,AU,1569037264
184,atambua,-9.11,124.89,75.4,72,0,8.63,ID,1569037265
185,te anau,-45.41,167.72,49.48,77,1,8.25,NZ,1569037267
186,itarema,-2.92,-39.92,75.58,74,0,12.19,BR,1569037268
187,zurrieq,35.83,14.47,74.71,83,20,10.29,MT,1569037269
188,dwarka,28.58,77.04,82.4,83,75,4.9,IN,1569037270
189,manokwari,-0.87,134.08,78.46,72,78,4.25,ID,1569037271
190,sri aman,1.24,111.46,80.6,83,75,1.12,MY,1569037277
191,mingrelskaya,45.01,38.34,46.58,93,40,2.24,RU,1569037279
192,buraydah,26.33,43.97,75.2,41,0,3.36,SA,1569037280
193,rafraf,37.19,10.18,74.32,94,20,6.93,TN,1569037281
194,ahipara,-35.17,173.16,64.99,73,0,12.12,NZ,1569037282
195,tromso,69.65,18.96,36.34,93,75,18.34,NO,1569037058
196,atar,20.52,-13.05,95.38,27,98,13.89,MR,1569037284
197,arandas,20.71,-102.35,58.48,87,80,6.8,MX,1569037286
198,khuzhir,53.19,107.35,63.7,47,20,3.49,RU,1569037287
199,joao pinheiro,-17.74,-46.17,73.06,28,0,2.17,BR,1569037288
200,innisfail,-17.52,146.03,78.01,44,32,8.01,AU,1569037294
201,khonsa,26.99,95.51,75.4,84,57,1.36,IN,1569037295
202,waitati,-45.75,170.57,55.0,68,0,5.01,NZ,1569037296
203,mandalgovi,45.76,106.27,66.04,28,57,12.55,MN,1569037298
204,samarai,-10.62,150.67,75.94,93,100,10.27,PG,1569037300
205,isangel,-19.55,169.27,82.4,61,40,16.11,VU,1569037301
206,port alfred,-33.59,26.89,62.01,87,0,1.99,ZA,1569037302
207,yola,9.26,12.45,72.52,95,6,4.47,NG,1569037304
208,rio gallegos,-51.62,-69.22,35.6,69,0,26.4,AR,1569037071
209,yulara,-25.24,130.99,62.6,25,0,3.36,AU,1569037306
210,kalga,50.92,118.9,58.48,51,5,8.99,RU,1569037313
211,college,64.86,-147.8,49.28,87,90,4.7,US,1569037314
212,nichinan,31.65,131.31,82.26,83,75,18.34,JP,1569037315
213,upernavik,72.79,-56.15,36.88,51,100,2.75,GL,1569037316
214,praxedis guerrero,31.37,-106.02,83.86,20,1,6.93,MX,1569037317
215,harper,30.3,-99.24,79.3,69,1,19.46,US,1569037318
216,masunga,-20.62,27.45,58.48,54,0,9.31,BW,1569037320
217,airai,-8.93,125.41,82.24,51,1,7.02,TL,1569037321
218,barstow,31.46,-103.39,79.43,51,40,5.82,US,1569037322
219,tessalit,20.2,1.01,86.74,10,0,8.19,ML,1569037323
220,talas,42.52,72.24,52.99,97,0,5.03,KG,1569037329
221,sao joao da barra,-21.64,-41.05,71.26,86,0,4.56,BR,1569037331
222,bambous virieux,-20.34,57.76,69.91,73,20,9.17,MU,1569037332
223,mecca,21.43,39.83,80.26,31,5,0.89,SA,1569037334
224,caravelas,-17.73,-39.27,73.78,81,31,10.69,BR,1569037335
225,vygonichi,53.1,34.07,35.6,93,40,8.95,RU,1569037336
226,suifenhe,44.39,131.16,59.2,49,27,13.82,CN,1569037337
227,tigil,57.8,158.67,50.38,59,1,13.31,RU,1569037340
228,puerto penasco,31.32,-113.53,86.0,53,0,4.0,MX,1569037099
229,aykhal,65.95,111.51,35.6,100,90,13.42,RU,1569037342
230,san cristobal,14.68,-86.92,68.02,88,31,0.45,HN,1569037350
231,port hawkesbury,45.62,-61.36,58.42,87,1,9.17,CA,1569037351
232,nalut,31.86,10.98,80.8,31,0,7.72,LY,1569037353
233,dalvik,57.79,14.13,53.13,100,1,8.05,SE,1569037356
234,oshikango,-17.39,15.89,60.82,17,0,4.72,NA,1569037357
235,tuatapere,-46.13,167.69,55.0,71,0,11.99,NZ,1569037358
236,katsuura,33.93,134.5,74.71,73,75,5.82,JP,1569037359
237,soconusco,17.96,-94.88,75.4,90,11,1.86,MX,1569037364
238,maputo,-25.97,32.57,68.0,82,0,8.05,MZ,1569037089
239,pekan,3.49,103.39,86.0,74,75,4.7,MY,1569037366
240,grand gaube,-20.01,57.66,69.89,73,20,9.17,MU,1569037372
241,mar del plata,-46.43,-67.52,43.54,40,0,23.17,AR,1569037373
242,pisco,-13.71,-76.2,62.02,87,0,11.41,PE,1569037246
243,villacarrillo,38.12,-3.08,64.96,87,89,7.78,ES,1569037375
244,ornskoldsvik,63.29,18.72,42.19,93,90,3.36,SE,1569037376
245,norman wells,65.28,-126.83,55.4,58,75,17.22,CA,1569037378
246,alofi,-19.06,-169.92,77.0,61,2,9.17,NU,1569037379
247,hofn,64.25,-15.21,37.96,99,100,5.41,IS,1569037380
248,cairns,-16.92,145.77,80.2,48,40,17.22,AU,1569037381
249,presidente dutra,-11.3,-41.99,64.96,64,0,8.95,BR,1569037382
250,boa vista,2.82,-60.67,84.2,66,0,8.05,BR,1569037388
251,luwuk,-0.95,122.79,82.78,46,4,1.88,ID,1569037389
252,cockburn town,21.46,-71.14,84.04,75,87,24.49,TC,1569037150
253,uyuni,-20.46,-66.82,43.54,12,100,5.23,BO,1569037392
254,kruisfontein,-34.0,24.73,55.24,87,0,8.19,ZA,1569037393
255,belyy yar,53.6,91.39,55.4,71,40,4.47,RU,1569037394
256,pizarro,4.95,-77.37,78.82,82,100,6.64,CO,1569037395
257,mercedes,-33.25,-58.03,48.99,51,0,5.99,UY,1569037397
258,goderich,43.74,-81.71,64.24,89,0,5.01,CA,1569037399
259,kurilsk,45.23,147.88,55.96,72,8,9.53,RU,1569037400
260,kidal,18.44,1.41,88.72,24,0,9.15,ML,1569037406
261,bilma,18.69,12.92,84.4,16,0,1.99,NE,1569037408
262,jalu,29.03,21.55,71.98,55,0,7.49,LY,1569037409
263,bukachacha,52.99,116.91,59.2,49,0,4.74,RU,1569037411
264,gossas,14.49,-16.06,77.0,94,72,5.19,SN,1569037413
265,vaitape,-16.52,-151.75,78.82,78,100,12.03,PF,1569037414
266,larsnes,62.2,5.58,46.76,81,21,10.29,NO,1569037415
267,arki,31.15,76.97,78.42,82,75,3.04,IN,1569037416
268,udachnyy,66.42,112.4,35.6,100,90,13.42,RU,1569037417
269,mossendjo,-2.95,12.72,70.36,90,46,1.19,CG,1569037418
270,aksay,51.17,53.01,50.38,76,100,13.69,KZ,1569037425
271,capinopolis,-18.68,-49.57,78.82,50,38,2.62,BR,1569037426
272,nemuro,43.32,145.57,62.6,55,75,2.24,JP,1569037428
273,tungor,53.39,142.95,56.14,63,20,9.42,RU,1569037429
274,olinda,-37.84,145.39,61.29,59,40,23.04,AU,1569037430
275,mogadishu,2.04,45.34,75.22,85,65,11.5,SO,1569037432
276,carutapera,-1.2,-46.02,77.2,84,37,5.48,BR,1569037434
277,miri,10.31,9.75,69.28,75,0,4.63,NG,1569037435
278,kargil,34.56,76.13,47.32,43,100,1.9,PK,1569037436
279,nador,35.17,-2.93,70.59,94,20,5.82,MA,1569037437
280,alamos,-36.9,-62.36,44.98,31,0,7.92,AR,1569037443
281,san jose,14.25,-87.96,63.52,98,0,1.66,HN,1569037297
282,dhidhdhoo,6.88,73.1,82.96,76,67,10.67,MV,1569037446
283,fort wellington,6.4,-57.6,76.84,86,7,3.6,GY,1569037448
284,hecun,29.94,119.31,70.18,57,11,7.72,CN,1569037449
285,saint george,39.45,22.34,62.6,51,75,4.7,GR,1569037450
286,abu dhabi,24.47,54.37,85.06,84,79,2.24,AE,1569037451
287,peplos,40.96,26.27,51.8,81,0,7.85,GR,1569037452
288,vila velha,-3.71,-38.6,79.21,69,75,17.22,BR,1569037454
289,dalnegorsk,44.56,135.58,54.34,74,81,2.3,RU,1569037455
290,tunceli,39.11,39.55,62.22,39,0,8.05,TR,1569037461
291,shimoda,34.7,138.93,74.44,73,75,19.46,JP,1569037462
292,yumen,40.29,97.04,69.28,18,98,9.22,CN,1569037463
293,manuk mangkaw,4.8,119.85,82.78,72,86,9.04,PH,1569037464
294,fairbanks,64.84,-147.72,49.55,87,90,4.7,US,1569037231
295,young,-32.7,-57.63,48.99,55,0,5.68,UY,1569037469
296,mizan teferi,6.99,35.58,64.42,76,96,3.24,ET,1569037470
297,alyangula,-13.85,136.42,89.6,49,0,9.17,AU,1569037471
298,hirara,24.8,125.28,80.6,88,75,28.86,JP,1569037472
299,dingle,11.0,122.67,83.32,74,100,14.05,PH,1569037473
300,tepechitlan,21.67,-103.33,58.48,89,2,1.95,MX,1569037481
301,bhadrachalam,17.67,80.89,80.8,83,2,3.58,IN,1569037482
302,tieli,46.98,128.05,53.62,81,98,6.87,CN,1569037483
303,azangaro,-14.91,-70.2,45.7,56,6,4.81,PE,1569037484
304,guerrero negro,27.97,-114.04,68.02,79,0,17.85,MX,1569037485
305,yar-sale,66.83,70.83,37.06,70,92,19.37,RU,1569037486
306,jieshi,22.82,115.83,87.01,33,0,3.0,CN,1569037487
307,rocha,-34.48,-54.34,47.32,62,0,10.16,UY,1569037489
308,kulhudhuffushi,6.62,73.07,82.78,75,83,10.56,MV,1569037490
309,khasan,42.43,130.64,69.64,45,0,12.35,RU,1569037497
310,mufulira,-12.55,28.24,64.0,61,1,4.0,ZM,1569037503
311,male,50.74,33.7,41.56,90,88,8.7,UA,1569037505
312,hauterive,49.18,-68.27,51.19,87,1,7.11,CA,1569037507
313,hirado,33.32,129.49,78.26,83,100,8.05,JP,1569037508
314,yerbogachen,61.28,108.01,55.96,87,100,12.8,RU,1569037510
315,kalengwa,-13.47,25.0,58.3,61,68,4.74,ZM,1569037511
316,quatre cocos,-20.21,57.76,69.91,73,20,9.17,MU,1569037512
317,victoria,5.28,115.24,87.01,74,90,4.27,BN,1569037466
318,rundu,-17.91,19.77,68.0,16,0,4.7,NA,1569037515
319,elizabeth city,36.3,-76.22,60.48,93,1,5.01,US,1569037360
320,port augusta,-32.49,137.76,57.09,71,8,10.29,AU,1569037522
321,hollins,37.35,-79.95,61.86,88,1,9.17,US,1569037523
322,nebbi,2.48,31.09,61.9,81,59,6.22,UG,1569037525
323,kualakapuas,-3.01,114.39,98.62,36,29,2.59,ID,1569037526
324,bani walid,31.76,14.0,75.4,38,0,12.1,LY,1569037527
325,tahe,52.34,124.71,52.72,48,100,5.44,CN,1569037528
326,nizwa,22.93,57.53,78.28,33,100,2.57,OM,1569037529
327,hambantota,6.12,81.12,78.8,100,40,5.82,LK,1569037531
328,arlit,18.74,7.39,88.36,11,0,13.09,NE,1569037533
329,lazaro cardenas,28.39,-105.62,71.46,60,90,13.87,MX,1569037534
330,de-kastri,51.48,140.77,55.6,60,100,6.22,RU,1569037540
331,inta,66.04,60.13,33.64,87,86,14.25,RU,1569037541
332,coahuayana,18.62,-100.35,71.8,90,49,2.17,MX,1569037542
333,port blair,11.67,92.75,81.52,80,99,14.14,IN,1569037544
334,souillac,45.6,-0.6,64.74,72,0,8.05,FR,1569037545
335,hovd,63.83,10.7,53.69,87,90,29.97,NO,1569037546
336,kawalu,-7.38,108.21,77.02,62,70,5.39,ID,1569037547
337,along,28.17,94.8,62.08,85,100,2.13,IN,1569037548
338,broken hill,-31.97,141.45,60.8,38,40,17.22,AU,1569037549
339,hualmay,-11.1,-77.61,60.64,91,100,13.13,PE,1569037551
340,taree,-31.91,152.46,76.75,47,100,17.22,AU,1569037557
341,nanortalik,60.14,-45.24,39.76,81,100,1.16,GL,1569037558
342,bol,13.47,14.72,84.22,36,0,5.82,TD,1569037559
343,baruun-urt,46.68,113.28,61.72,41,0,13.22,MN,1569037560
344,bambanglipuro,-7.95,110.28,75.76,80,94,13.06,ID,1569037561
345,takaka,-40.86,172.81,61.0,65,0,1.99,NZ,1569037564
346,kosmynino,57.55,40.74,33.8,100,75,8.95,RU,1569037565
347,leh,34.16,77.58,38.5,30,89,5.91,IN,1569037566
348,meulaboh,4.14,96.13,81.16,78,80,4.83,ID,1569037567
349,eagle pass,28.71,-100.5,88.72,55,1,11.41,MX,1569037568
350,shakhtinsk,49.71,72.59,48.2,46,0,4.47,KZ,1569037575
351,zemes,46.58,26.42,36.79,93,20,2.24,RO,1569037576
352,karpathos,35.51,27.21,71.6,73,20,18.34,GR,1569037578
353,ostrow mazowiecka,52.8,21.9,52.0,52,100,10.2,PL,1569037579
354,cidreira,-30.17,-50.22,52.72,65,0,5.26,BR,1569037580
355,concordia,-31.4,-58.02,42.01,87,0,5.82,AR,1569037581
356,korgoz,40.3,49.62,73.4,83,40,13.87,AZ,1569037583
357,garissa,-0.46,39.64,74.14,72,80,16.26,KE,1569037584
358,salinas,36.67,-121.66,65.43,55,1,3.13,US,1569037585
359,lata,30.78,78.62,43.0,62,0,4.09,IN,1569037586
360,puerto suarez,-18.96,-57.8,75.04,55,43,10.18,BO,1569037592
361,jinxiang,35.07,116.31,79.0,33,58,7.61,CN,1569037594
362,felanitx,39.47,3.15,76.39,83,40,3.36,ES,1569037595
363,chernyshevskiy,63.01,112.47,50.92,92,100,11.61,RU,1569037596
364,nadym,65.53,72.51,36.7,74,0,21.88,RU,1569037598
365,bafra,41.57,35.91,57.06,87,90,6.93,TR,1569037599
366,banjar,-7.37,108.54,81.16,60,68,5.08,ID,1569037600
367,tura,64.27,100.22,44.26,74,33,22.06,RU,1569037602
368,ocampo,27.32,-102.4,72.52,75,51,4.23,MX,1569037603
369,rinteln,52.19,9.08,42.19,93,20,2.24,DE,1569037604
370,plettenberg bay,-34.05,23.37,54.16,87,0,3.91,ZA,1569037610
371,kangaatsiaq,68.31,-53.46,42.64,72,100,20.36,GL,1569037611
372,santa maria,-16.02,-48.01,75.2,41,0,2.77,BR,1569037613
373,lohja,60.25,24.07,43.9,100,75,4.7,FI,1569037614
374,umm lajj,25.02,37.27,85.84,67,0,14.83,SA,1569037615
375,carauari,-4.88,-66.9,76.84,81,10,1.83,BR,1569037617
376,kurchatov,50.75,78.54,60.46,37,72,6.46,KZ,1569037618
377,rivadavia,-31.53,-68.59,42.64,18,0,3.71,AR,1569037620
378,srednekolymsk,67.46,153.71,39.76,40,0,9.44,RU,1569037621
379,ridgecrest,35.62,-117.67,69.24,18,1,3.36,US,1569037622
380,sabha,27.03,14.43,75.76,27,0,8.16,LY,1569037628
381,sabang,13.8,121.11,86.0,73,100,1.01,PH,1569037630
382,sao felix do xingu,-6.64,-51.99,79.9,57,15,0.18,BR,1569037631
383,igrim,63.19,64.42,32.74,87,0,8.79,RU,1569037632
384,margate,-43.03,147.26,66.22,77,75,3.36,AU,1569037633
385,praia da vitoria,38.73,-27.07,68.0,64,20,24.23,PT,1569037634
386,burns lake,54.23,-125.76,43.18,88,94,2.57,CA,1569037636
387,antofagasta,-23.65,-70.4,55.4,87,75,10.29,CL,1569037625
388,noumea,-22.28,166.46,77.95,50,0,26.4,NC,1569037421
389,seymchan,62.93,152.39,40.84,56,33,5.41,RU,1569037639
390,huarmey,-10.07,-78.15,60.46,92,100,12.97,PE,1569037645
391,kavarskas,55.43,24.93,42.64,93,100,9.19,LT,1569037646
392,general roca,-39.03,-67.58,51.8,32,0,8.05,AR,1569037647
393,ajdabiya,30.75,20.22,75.22,79,0,10.65,LY,1569037648
394,martaban,16.53,97.61,83.14,78,8,7.9,MM,1569037651
395,hilton head island,32.16,-80.75,73.4,65,75,3.36,US,1569037652
396,andrews,32.32,-102.55,79.03,83,1,10.29,US,1569037562
397,curup,-3.47,102.53,83.32,47,16,1.54,ID,1569037656
398,myingyan,21.46,95.39,87.8,70,40,3.36,MM,1569037658
399,vestmanna,62.16,-7.17,53.6,87,0,13.87,FO,1569037665
400,pacific grove,36.62,-121.92,65.41,46,1,4.7,US,1569037507
401,turan,52.15,93.92,58.12,66,49,0.78,RU,1569037672
402,buala,-8.15,159.59,82.6,72,100,7.09,SB,1569037673
403,kavaratti,10.57,72.64,84.2,79,40,4.7,IN,1569037674
404,lima,-12.06,-77.04,60.8,87,90,9.17,PE,1569037406
405,gat,14.69,-16.54,76.15,88,33,5.82,SN,1569037678
406,pleasanton,37.66,-121.87,68.61,35,1,6.93,US,1569037668
407,sindou,10.66,-5.16,71.44,97,91,2.86,BF,1569037680
408,villa bruzual,9.33,-69.12,68.92,94,100,2.84,VE,1569037681
409,najran,17.54,44.22,69.8,26,0,4.7,SA,1569037682
410,porto walter,-8.27,-72.74,73.42,96,98,2.13,BR,1569037688
411,loei,17.49,101.72,84.2,79,75,2.24,TH,1569037689
412,ghanzi,-21.7,21.65,61.72,13,0,8.66,BW,1569037691
413,jaru,-10.43,-62.48,82.96,55,21,2.24,BR,1569037693
414,lavrentiya,65.58,-170.99,33.64,76,96,10.85,RU,1569037694
415,nikel,69.41,30.21,33.8,92,75,11.41,NO,1569037695
416,khandyga,62.65,135.58,37.6,93,100,3.36,RU,1569037696
417,prabumulih,-3.5,104.19,90.52,38,2,6.6,ID,1569037699
418,stony mountain,50.09,-97.22,65.34,93,90,17.22,CA,1569037701
419,conceicao do araguaia,-8.26,-49.26,82.78,38,0,3.09,BR,1569037702
420,salaga,8.55,-0.52,73.42,94,19,3.15,GH,1569037708
421,ust-nera,64.57,143.24,34.54,94,100,0.78,RU,1569037709
422,kununurra,-15.77,128.74,95.0,20,0,6.93,AU,1569037711
423,kuryk,43.18,51.68,64.96,76,0,5.19,KZ,1569037712
424,scottsbluff,41.87,-103.67,65.01,59,75,6.93,US,1569037714
425,ylojarvi,61.56,23.6,43.61,93,90,3.36,FI,1569037715
426,mao,19.55,-71.08,79.92,88,90,6.93,DO,1569037716
427,oak harbor,41.51,-83.15,69.62,88,40,3.36,US,1569037717
428,imbituba,-28.24,-48.67,62.6,77,75,16.11,BR,1569037604
429,gao,16.28,-0.04,88.54,41,48,14.58,ML,1569037720
430,kilindoni,-7.91,39.67,77.74,80,72,11.01,TZ,1569037726
431,verkhnyaya toyma,62.24,45.0,33.64,93,99,7.38,RU,1569037727
432,pangnirtung,66.15,-65.72,32.02,98,100,1.88,CA,1569037728
433,homer,59.64,-151.54,49.14,81,1,6.93,US,1569037729
434,guna,24.65,77.32,79.36,83,88,7.52,IN,1569037730
435,metlaltoyuca,20.74,-97.85,74.14,95,9,3.78,MX,1569037732
436,port hardy,50.7,-127.42,53.6,93,40,2.24,CA,1569037733
437,tuy hoa,13.08,109.3,74.5,97,100,2.3,VN,1569037734
438,komsomolskiy,67.55,63.78,31.66,91,62,16.17,RU,1569037735
439,nhulunbuy,-12.18,136.78,84.2,62,75,16.11,AU,1569037737
440,mizdah,31.45,12.98,73.42,43,0,6.98,LY,1569037743
441,urucara,-2.54,-57.76,82.06,40,3,3.36,BR,1569037744
442,henties bay,-22.12,14.28,59.0,92,94,7.0,NA,1569037745
443,streator,41.12,-88.84,73.87,83,1,9.17,US,1569037746
444,puerto escondido,15.86,-97.07,77.0,61,90,5.82,MX,1569037747
445,kaniama,-7.57,24.18,68.92,87,100,3.13,CD,1569037749
446,berezanka,46.86,31.39,42.8,81,0,8.95,UA,1569037750
447,baikunthpur,23.26,82.56,79.0,72,0,4.12,IN,1569037752
448,mongo,-5.62,14.6,73.06,79,100,2.15,CD,1569037753
449,dickinson,46.88,-102.79,64.17,93,75,4.7,US,1569037659
450,aden,12.79,45.03,85.48,77,100,9.28,YE,1569037684
451,vysokogornyy,50.1,139.13,57.04,46,64,2.68,RU,1569037762
452,yueyang,29.36,113.12,79.54,44,0,16.62,CN,1569037763
453,omboue,-1.57,9.26,75.76,88,100,7.61,GA,1569037764
454,channel-port aux basques,47.57,-59.14,53.44,88,0,10.89,CA,1569037765
455,comodoro rivadavia,-45.87,-67.48,48.76,48,0,24.2,AR,1569037767
456,stepnyak,52.83,70.79,48.76,66,64,7.31,KZ,1569037768
457,sangar,63.92,127.47,42.28,67,55,7.29,RU,1569037770
458,soubre,5.79,-6.61,70.36,99,79,2.19,CI,1569037771
459,shirokiy,53.87,39.17,42.01,98,60,5.75,RU,1569037778
460,santa cruz,-6.22,-36.02,68.2,90,6,15.64,BR,1569037784
461,nurota,40.56,65.69,69.8,46,0,6.93,UZ,1569037786
462,road town,18.42,-64.62,81.73,74,1,3.36,VG,1569037719
463,sorland,67.67,12.69,46.06,67,100,12.97,NO,1569037788
464,saint anthony,43.97,-111.68,46.15,93,90,12.75,US,1569037612
465,bantogon,6.53,124.03,81.88,73,15,8.05,PH,1569037790
466,port-gentil,-0.72,8.78,76.12,89,70,9.53,GA,1569037791
467,ambagarh chauki,20.78,80.75,79.72,81,100,6.87,IN,1569037792
468,chaumont,48.11,5.14,51.73,46,0,9.17,FR,1569037794
469,myaundzha,63.05,147.18,41.2,63,89,5.44,RU,1569037795
470,dauphin,51.15,-100.04,60.8,100,90,3.36,CA,1569037801
471,jammalamadugu,14.85,78.38,80.6,83,75,4.76,IN,1569037802
472,zhigalovo,54.81,105.15,59.56,55,93,4.21,RU,1569037804
473,ternate,14.29,120.72,83.5,78,90,9.17,PH,1569037805
474,albertville,45.68,6.39,50.67,93,20,2.24,FR,1569037661
475,yaviza,8.16,-77.69,72.52,97,100,1.19,PA,1569037807
476,palmares do sul,-30.26,-50.51,51.01,93,0,1.01,BR,1569037808
477,rieti,42.4,12.86,53.58,61,0,16.11,IT,1569037810
478,anadyr,64.73,177.51,41.0,56,40,13.42,RU,1569037811
479,kiknur,57.3,47.21,36.16,94,90,1.32,RU,1569037812
480,kankon,15.02,74.02,77.0,100,75,5.82,IN,1569037818
481,yuma,32.73,-114.62,83.73,15,1,6.93,US,1569037819
482,bud,62.91,6.91,49.01,71,94,9.17,NO,1569037822
483,abbeville,50.11,1.83,50.22,62,0,5.82,FR,1569037823
484,pouembout,-21.12,164.9,71.8,74,0,20.02,NC,1569037824
485,nome,30.04,-94.42,78.66,88,1,3.36,US,1569037825
486,osmena,12.17,124.59,83.68,73,100,12.12,PH,1569037826
487,onguday,50.75,86.14,58.12,50,44,2.21,RU,1569037827
488,tommot,58.97,126.27,39.94,82,100,2.91,RU,1569037829
489,luorong,24.41,109.6,80.26,51,0,12.35,CN,1569037830
490,thinadhoo,0.53,72.93,80.44,79,100,15.5,MV,1569037836
491,matara,-3.48,29.48,52.9,73,100,1.61,BI,1569037838
492,abu samrah,35.3,37.18,62.08,85,0,8.39,SY,1569037839
493,avanigadda,16.02,80.92,86.0,79,75,5.82,IN,1569037840
494,dubbo,-32.25,148.6,77.0,33,90,24.16,AU,1569037842
495,aljezur,37.31,-8.8,68.76,94,100,3.0,PT,1569037843
496,bilibino,68.06,166.44,25.54,75,100,3.58,RU,1569037844
497,morki,56.43,49.0,41.02,96,100,5.7,RU,1569037845
498,bagotville,-28.98,153.42,76.24,78,40,19.46,AU,1569037846
499,todos santos,23.45,-110.23,80.8,83,75,16.11,MX,1569037847
500,talcher,20.95,85.21,81.88,76,0,3.04,IN,1569037853
501,ukiah,39.15,-123.21,63.59,59,0,1.03,US,1569037855
502,grimmen,54.11,13.04,56.01,82,75,6.93,DE,1569037856
503,peno,56.92,32.74,31.12,92,1,5.32,RU,1569037857
504,christchurch,-43.53,172.64,57.06,67,0,16.11,NZ,1569037609
505,peleduy,59.63,112.75,54.34,86,100,12.53,RU,1569037859
506,faridabad,28.4,77.31,82.4,83,75,3.36,IN,1569037861
507,youkounkoun,12.53,-13.12,73.06,98,100,3.11,GN,1569037862
508,chemal,51.41,86.0,57.94,60,84,0.25,RU,1569037863
509,marsaxlokk,35.84,14.54,74.71,83,40,10.29,MT,1569037864
510,gamba,28.28,88.52,39.22,65,95,4.43,CN,1569037871
511,minatitlan,19.39,-104.05,71.6,94,20,3.02,MX,1569037872
512,axim,4.87,-2.24,75.76,91,60,5.5,GH,1569037873
513,namatanai,-3.66,152.44,81.88,74,44,2.3,PG,1569037789
514,tucurui,-3.77,-49.67,74.32,90,13,4.63,BR,1569037875
515,lisakovsk,52.55,62.49,49.84,64,100,3.09,KZ,1569037876
516,markala,13.69,-6.07,76.3,83,84,6.29,ML,1569037877
517,kaeo,-35.1,173.78,63.95,76,67,3.58,NZ,1569037879
518,mlonggo,-6.53,110.7,89.6,38,20,10.29,ID,1569037880
519,roswell,33.39,-104.52,76.82,61,1,11.41,US,1569037881
520,ola,59.58,151.3,46.6,73,0,8.12,RU,1569037887
521,lensk,60.71,114.91,50.92,94,100,9.84,RU,1569037888
522,springfield,42.1,-72.59,55.04,87,40,6.13,US,1569037890
